-- Accounts
INSERT INTO Account (SDT, password, roles, status, created_at) VALUES ('6773396763', '12345678', 'admin', 'active', '2024-01-01');
INSERT INTO Account (SDT, password, roles, status, created_at) VALUES ('3368609208', '12345678', 'admin', 'inactive', '2024-01-02');
INSERT INTO Account (SDT, password, roles, status, created_at) VALUES ('6785432715', 'e#2deGft9U', 'admin', 'active', '2024-01-03');
INSERT INTO Account (SDT, password, roles, status, created_at) VALUES ('8747001112', 'y(%0bcXsW#', 'admin', 'inactive', '2024-01-04');
INSERT INTO Account (SDT, password, roles, status, created_at) VALUES ('6595827056', '12345678', 'user', 'inactive', '2024-01-05');
INSERT INTO Account (SDT, password, roles, status, created_at) VALUES ('9248480428', 'EGT!4ws(%9', 'user', 'inactive', '2024-01-06');
INSERT INTO Account (SDT, password, roles, status, created_at) VALUES ('8328380119', 'y^o6mVos^9', 'user', 'inactive', '2024-01-07');
INSERT INTO Account (SDT, password, roles, status, created_at) VALUES ('4461278365', 'x8(AUSrs%K', 'user', 'active', '2024-01-08');
INSERT INTO Account (SDT, password, roles, status, created_at) VALUES ('1294181936', '^^_f6Ch!ju', 'user', 'active', '2024-01-09');
INSERT INTO Account (SDT, password, roles, status, created_at) VALUES ('9425593835', '3Lw$8N8zX%', 'user', 'active', '2024-01-10');
INSERT INTO Account (SDT, password, roles, status, created_at) VALUES ('4358949587', '#zZL2xe^D9', 'user', 'inactive', '2024-01-11');
INSERT INTO Account (SDT, password, roles, status, created_at) VALUES ('3485297347', '(!!MDFIXs9', 'user', 'active', '2024-01-12');
INSERT INTO Account (SDT, password, roles, status, created_at) VALUES ('0367275132', '+0xGFmpda5', 'user', 'inactive', '2024-01-13');
INSERT INTO Account (SDT, password, roles, status, created_at) VALUES ('8530417220', 'PX*8jGeCDl', 'user', 'active', '2024-01-14');
INSERT INTO Account (SDT, password, roles, status, created_at) VALUES ('2208194691', 'p2GVj0@U_J', 'user', 'inactive', '2024-01-15');
INSERT INTO Account (SDT, password, roles, status, created_at) VALUES ('3428065876', 'J3$OeCNv#V', 'user', 'inactive', '2024-01-16');
INSERT INTO Account (SDT, password, roles, status, created_at) VALUES ('4268942120', 'p!0S4kVp!E', 'user', 'inactive', '2024-01-17');
INSERT INTO Account (SDT, password, roles, status, created_at) VALUES ('6346896256', '_bE1KUi26o', 'user', 'active', '2024-01-18');
INSERT INTO Account (SDT, password, roles, status, created_at) VALUES ('0399753409', 'kL$^B4Gzv5', 'user', 'active', '2024-01-19');
INSERT INTO Account (SDT, password, roles, status, created_at) VALUES ('8004516571', 'n%G(@1BjKr', 'user', 'inactive', '2024-01-20');
INSERT INTO Account (SDT, password, roles, status, created_at) VALUES ('2022531288', '+%7qMhWvNx', 'user', 'inactive', '2024-01-21');
INSERT INTO Account (SDT, password, roles, status, created_at) VALUES ('0978253793', '$$SYStjg+2', 'user', 'inactive', '2024-01-22');
INSERT INTO Account (SDT, password, roles, status, created_at) VALUES ('2683127926', 't_U9ssKnCK', 'user', 'active', '2024-01-23');
INSERT INTO Account (SDT, password, roles, status, created_at) VALUES ('4554277675', 'xs&df4Gf*d', 'user', 'inactive', '2024-01-24');
INSERT INTO Account (SDT, password, roles, status, created_at) VALUES ('8687316698', '12345678', 'driver', 'active', '2024-01-25');
INSERT INTO Account (SDT, password, roles, status, created_at) VALUES ('8196387164', '^7rD7EXrsM', 'driver', 'inactive', '2024-01-26');
INSERT INTO Account (SDT, password, roles, status, created_at) VALUES ('2445910517', '0gV9uj(E^F', 'driver', 'active', '2024-01-27');
INSERT INTO Account (SDT, password, roles, status, created_at) VALUES ('8666027736', 'F5sM9uf()4', 'driver', 'active', '2024-01-28');
INSERT INTO Account (SDT, password, roles, status, created_at) VALUES ('0730955532', 'YJ4KGGjT@l', 'driver', 'inactive', '2024-01-29');
INSERT INTO Account (SDT, password, roles, status, created_at) VALUES ('3513502271', '$R*5X$hku(', 'driver', 'active', '2024-01-30');
INSERT INTO Account (SDT, password, roles, status, created_at) VALUES ('8697613304', 'qN9#uTwa_0', 'driver', 'inactive', '2024-01-31');
INSERT INTO Account (SDT, password, roles, status, created_at) VALUES ('9636280812', 'm^9CCTcMBI', 'driver', 'inactive', '2024-02-01');
INSERT INTO Account (SDT, password, roles, status, created_at) VALUES ('5071587630', 'iF0MjIw*%!', 'driver', 'inactive', '2024-02-02');
INSERT INTO Account (SDT, password, roles, status, created_at) VALUES ('6977357996', ')y5LzB7ZnO', 'driver', 'inactive', '2024-02-03');
INSERT INTO Account (SDT, password, roles, status, created_at) VALUES ('7367549748', 'PA7smSkw&7', 'driver', 'active', '2024-02-04');
INSERT INTO Account (SDT, password, roles, status, created_at) VALUES ('9659025952', '_dsD&UFx&8', 'driver', 'active', '2024-02-05');
INSERT INTO Account (SDT, password, roles, status, created_at) VALUES ('4675512233', '!u+H0JS0i0', 'driver', 'inactive', '2024-02-06');
INSERT INTO Account (SDT, password, roles, status, created_at) VALUES ('2113543905', '&z9(aNhxAh', 'driver', 'inactive', '2024-02-07');
INSERT INTO Account (SDT, password, roles, status, created_at) VALUES ('8331753120', '4@5BvUnimS', 'driver', 'inactive', '2024-02-08');
INSERT INTO Account (SDT, password, roles, status, created_at) VALUES ('9027194854', '0AL)jHi^(6', 'driver', 'active', '2024-02-09');
INSERT INTO Account (SDT, password, roles, status, created_at) VALUES ('5273183565', 'A!3YJpiB!D', 'driver', 'active', '2024-02-10');
INSERT INTO Account (SDT, password, roles, status, created_at) VALUES ('8663127770', 'Mc6UlOio1@', 'driver', 'active', '2024-02-11');
INSERT INTO Account (SDT, password, roles, status, created_at) VALUES ('0935194244', '^ORc6e4d!1', 'driver', 'inactive', '2024-02-12');
INSERT INTO Account (SDT, password, roles, status, created_at) VALUES ('4706064263', '@5579Acdv#', 'driver', 'inactive', '2024-02-13');

-- Users and Drivers
INSERT INTO User (Firstname, Lastname, SDT, Wallet, DOB, Gender, Address, CCCD) VALUES ('Lauren', 'Gonzales', '6595827056', 726, '1974-03-11', 'Nam', '18889 Kathryn Drive
Aguilartown, MH 54354', '611-42-9696');
INSERT INTO User (Firstname, Lastname, SDT, Wallet, DOB, Gender, Address, CCCD) VALUES ('Joseph', 'Nguyen', '9248480428', 203, '1970-03-02', 'Nam', '3442 Wesley Mountains Suite 884
Lake Aaronbury, HI 71452', '214-72-0896');
INSERT INTO User (Firstname, Lastname, SDT, Wallet, DOB, Gender, Address, CCCD) VALUES ('Amanda', 'Silva', '8328380119', 65, '1976-03-19', 'Nam', 'Unit 9619 Box 6336
DPO AP 29968', '431-34-4999');
INSERT INTO User (Firstname, Lastname, SDT, Wallet, DOB, Gender, Address, CCCD) VALUES ('James', 'Simon', '4461278365', 43, '1958-11-21', 'Nam', '714 Clarke Heights
North Mauriceville, NY 61393', '782-63-5229');
INSERT INTO User (Firstname, Lastname, SDT, Wallet, DOB, Gender, Address, CCCD) VALUES ('Terri', 'Burgess', '1294181936', 242, '2011-12-10', 'Nữ', '10597 Michelle Green
New Glenchester, KY 15355', '486-40-3614');
INSERT INTO User (Firstname, Lastname, SDT, Wallet, DOB, Gender, Address, CCCD) VALUES ('Paul', 'Adams', '9425593835', 810, '2003-02-01', 'Nam', '56985 Middleton Square Apt. 772
South Jillview, WV 62993', '039-28-2656');
INSERT INTO User (Firstname, Lastname, SDT, Wallet, DOB, Gender, Address, CCCD) VALUES ('Harold', 'Hess', '4358949587', 547, '2009-01-27', 'Nam', '25903 Brian Street
Davisbury, MT 78787', '822-20-8771');
INSERT INTO User (Firstname, Lastname, SDT, Wallet, DOB, Gender, Address, CCCD) VALUES ('Vicki', 'Rodgers', '3485297347', 882, '1931-01-09', 'Nam', 'USS Barber
FPO AA 70308', '380-91-6433');
INSERT INTO User (Firstname, Lastname, SDT, Wallet, DOB, Gender, Address, CCCD) VALUES ('Craig', 'Gardner', '0367275132', 759, '1942-11-08', 'Nam', '904 Grant Ville Apt. 391
Riveraport, OK 41557', '028-88-8258');
INSERT INTO User (Firstname, Lastname, SDT, Wallet, DOB, Gender, Address, CCCD) VALUES ('Emily', 'Johnson', '8530417220', 527, '1929-02-19', 'Nữ', '40195 James Gardens Suite 013
Villegasbury, WA 77539', '052-89-3433');
INSERT INTO User (Firstname, Lastname, SDT, Wallet, DOB, Gender, Address, CCCD) VALUES ('James', 'Melton', '2208194691', 786, '2016-10-03', 'Nữ', '5750 Patricia Way
South Wendy, CT 22193', '310-08-9815');
INSERT INTO User (Firstname, Lastname, SDT, Wallet, DOB, Gender, Address, CCCD) VALUES ('Colton', 'Jenkins', '3428065876', 580, '1981-11-24', 'Nữ', 'Unit 5527 Box 5134
DPO AE 64680', '675-27-2586');
INSERT INTO User (Firstname, Lastname, SDT, Wallet, DOB, Gender, Address, CCCD) VALUES ('Anna', 'Gates', '4268942120', 723, '1912-09-23', 'Nữ', 'Unit 6855 Box 0791
DPO AA 33413', '780-75-9206');
INSERT INTO User (Firstname, Lastname, SDT, Wallet, DOB, Gender, Address, CCCD) VALUES ('Sean', 'Patterson', '6346896256', 537, '2005-05-15', 'Nữ', '5638 Valerie Mill
Nelsonfort, NC 08436', '812-92-5924');
INSERT INTO User (Firstname, Lastname, SDT, Wallet, DOB, Gender, Address, CCCD) VALUES ('Scott', 'Camacho', '0399753409', 114, '1942-08-09', 'Nam', 'PSC 6259, Box 3654
APO AE 25787', '229-76-7819');
INSERT INTO User (Firstname, Lastname, SDT, Wallet, DOB, Gender, Address, CCCD) VALUES ('Ashley', 'Marks', '8004516571', 245, '1986-04-16', 'Nam', '4893 Richard Drive Apt. 380
New Christopherberg, MS 87956', '721-54-3429');
INSERT INTO User (Firstname, Lastname, SDT, Wallet, DOB, Gender, Address, CCCD) VALUES ('Malik', 'Jackson', '2022531288', 618, '1965-08-16', 'Nữ', '86601 Kelley Trail
Isabelstad, OK 50604', '624-88-2831');
INSERT INTO User (Firstname, Lastname, SDT, Wallet, DOB, Gender, Address, CCCD) VALUES ('Carolyn', 'Baker', '0978253793', 667, '2022-12-23', 'Nữ', '7291 Lindsay Pine Apt. 650
Powellchester, CO 68214', '654-96-4968');
INSERT INTO User (Firstname, Lastname, SDT, Wallet, DOB, Gender, Address, CCCD) VALUES ('Ashley', 'Cook', '2683127926', 795, '2003-04-02', 'Nam', '07789 Sanchez Estates Apt. 433
Denisebury, RI 56237', '402-49-3245');
INSERT INTO User (Firstname, Lastname, SDT, Wallet, DOB, Gender, Address, CCCD) VALUES ('Tammy', 'Coleman', '4554277675', 125, '1954-10-17', 'Nữ', '79461 Hardy Locks Apt. 151
Shannonberg, LA 22532', '850-16-9813');
INSERT INTO Driver (Firstname, Lastname, SDT, Wallet, DOB, Gender, Address, CCCD, Driving_licence_number) VALUES ('Tammy', 'Ferguson', '8687316698', 550, '1989-03-15', 'Nữ', '934 Hopkins Row Apt. 369
Gallagherburgh, KY 29301', '308-90-2654', '2OU 372');
INSERT INTO Driver (Firstname, Lastname, SDT, Wallet, DOB, Gender, Address, CCCD, Driving_licence_number) VALUES ('Corey', 'Clay', '8196387164', 966, '2018-03-24', 'Nam', '1785 Kelly Islands Apt. 229
South Emilybury, ND 94371', '843-26-3193', 'F10-ZGL');
INSERT INTO Driver (Firstname, Lastname, SDT, Wallet, DOB, Gender, Address, CCCD, Driving_licence_number) VALUES ('Troy', 'Austin', '2445910517', 762, '1933-06-29', 'Nữ', '32473 Patel Shores Apt. 145
New Kevin, NE 47032', '369-48-1556', 'YES-0910');
INSERT INTO Driver (Firstname, Lastname, SDT, Wallet, DOB, Gender, Address, CCCD, Driving_licence_number) VALUES ('Jeremy', 'Collins', '8666027736', 860, '1992-09-30', 'Nữ', '40282 Renee Fields
Kellyton, MH 61625', '366-70-5221', '666 MRB');
INSERT INTO Driver (Firstname, Lastname, SDT, Wallet, DOB, Gender, Address, CCCD, Driving_licence_number) VALUES ('Mary', 'White', '0730955532', 857, '1939-01-01', 'Nam', '74956 Theresa Plains
Lake Tiffany, IA 87923', '686-84-9707', '86-6809S');
INSERT INTO Driver (Firstname, Lastname, SDT, Wallet, DOB, Gender, Address, CCCD, Driving_licence_number) VALUES ('Thomas', 'Ortiz', '3513502271', 72, '2006-04-30', 'Nữ', '2553 Miller Centers Suite 919
South Erica, MA 16048', '408-16-1038', 'ULB-136');
INSERT INTO Driver (Firstname, Lastname, SDT, Wallet, DOB, Gender, Address, CCCD, Driving_licence_number) VALUES ('Pamela', 'Perez', '8697613304', 760, '2002-08-26', 'Nữ', 'USNV Mueller
FPO AA 93503', '435-27-1238', '073 0KQ');
INSERT INTO Driver (Firstname, Lastname, SDT, Wallet, DOB, Gender, Address, CCCD, Driving_licence_number) VALUES ('Jonathan', 'Paul', '9636280812', 303, '2013-12-23', 'Nam', '80198 Jackson Hill Suite 047
North Melissa, GA 32157', '705-31-3075', '46D T64');
INSERT INTO Driver (Firstname, Lastname, SDT, Wallet, DOB, Gender, Address, CCCD, Driving_licence_number) VALUES ('James', 'Allen', '5071587630', 829, '2003-09-02', 'Nữ', '25544 Sutton Expressway Apt. 337
Meganville, WA 14547', '094-38-3832', 'QEN-7111');
INSERT INTO Driver (Firstname, Lastname, SDT, Wallet, DOB, Gender, Address, CCCD, Driving_licence_number) VALUES ('Thomas', 'Ortiz', '6977357996', 89, '2015-02-11', 'Nữ', '499 Padilla Coves
Richardtown, AS 97251', '668-38-5011', '9IE54');
INSERT INTO Driver (Firstname, Lastname, SDT, Wallet, DOB, Gender, Address, CCCD, Driving_licence_number) VALUES ('Jennifer', 'Turner', '7367549748', 815, '1945-04-26', 'Nam', '217 Nicole Mount
South Frances, TX 89071', '766-04-0734', '209 4573');
INSERT INTO Driver (Firstname, Lastname, SDT, Wallet, DOB, Gender, Address, CCCD, Driving_licence_number) VALUES ('Lynn', 'Sosa', '9659025952', 409, '1992-10-26', 'Nữ', '95555 Dunn Streets Suite 401
Roseton, MA 00731', '889-83-1839', '666-093');
INSERT INTO Driver (Firstname, Lastname, SDT, Wallet, DOB, Gender, Address, CCCD, Driving_licence_number) VALUES ('Sara', 'Johnson', '4675512233', 227, '2021-08-19', 'Nam', '05528 Charles Hollow Apt. 913
Christophermouth, PA 40688', '635-03-0711', '85M PO6');
INSERT INTO Driver (Firstname, Lastname, SDT, Wallet, DOB, Gender, Address, CCCD, Driving_licence_number) VALUES ('Corey', 'Miller', '2113543905', 407, '1981-08-15', 'Nam', '21540 Lori Field
South Melissa, KY 88882', '131-69-7271', '616A5');
INSERT INTO Driver (Firstname, Lastname, SDT, Wallet, DOB, Gender, Address, CCCD, Driving_licence_number) VALUES ('Scott', 'Ross', '8331753120', 330, '2018-06-27', 'Nữ', '31685 Scott Creek
East Donna, NE 23402', '231-77-6368', 'LYS 477');
INSERT INTO Driver (Firstname, Lastname, SDT, Wallet, DOB, Gender, Address, CCCD, Driving_licence_number) VALUES ('Danny', 'Harris', '9027194854', 365, '1996-11-08', 'Nữ', '904 Matthew Row Suite 755
New Emily, NE 92389', '426-64-1474', '0YD4437');
INSERT INTO Driver (Firstname, Lastname, SDT, Wallet, DOB, Gender, Address, CCCD, Driving_licence_number) VALUES ('Wendy', 'Wilson', '5273183565', 831, '1946-04-18', 'Nam', 'PSC 5066, Box 7050
APO AP 61685', '891-67-1259', '30-11631');
INSERT INTO Driver (Firstname, Lastname, SDT, Wallet, DOB, Gender, Address, CCCD, Driving_licence_number) VALUES ('Lacey', 'Wright', '8663127770', 248, '1985-04-20', 'Nam', 'USNV Vang
FPO AA 85644', '026-03-3664', 'Z57 8XH');
INSERT INTO Driver (Firstname, Lastname, SDT, Wallet, DOB, Gender, Address, CCCD, Driving_licence_number) VALUES ('Richard', 'Giles', '0935194244', 311, '2016-10-18', 'Nam', '44466 Clifford Hollow
Grayberg, NH 39133', '182-95-2402', '244-FVSU');
INSERT INTO Driver (Firstname, Lastname, SDT, Wallet, DOB, Gender, Address, CCCD, Driving_licence_number) VALUES ('Jamie', 'Nelson', '4706064263', 825, '2007-02-19', 'Nữ', '32820 Simmons Pike Suite 926
Ellismouth, PR 22627', '631-18-4535', 'YO 43726');
-- Car Models
INSERT INTO Car_Model (model_name, model_description) VALUES ('Henry LLC', 'Cross-group well-modulated focus group');
INSERT INTO Car_Model (model_name, model_description) VALUES ('Mcpherson, Cantu and Williams', 'Compatible empowering groupware');
INSERT INTO Car_Model (model_name, model_description) VALUES ('Goodman-Kaiser', 'Multi-layered 4thgeneration emulation');
INSERT INTO Car_Model (model_name, model_description) VALUES ('West-Nguyen', 'Multi-layered secondary secured line');
INSERT INTO Car_Model (model_name, model_description) VALUES ('Clements-Mayo', 'Streamlined executive forecast');
-- Cabs
INSERT INTO Cab (licence_plate, car_model_id, manufacture_year) VALUES ('2OU 372', 4, 1995);
INSERT INTO Cab (licence_plate, car_model_id, manufacture_year) VALUES ('F10-ZGL', 4, 2004);
INSERT INTO Cab (licence_plate, car_model_id, manufacture_year) VALUES ('YES-0910', 2, 2014);
INSERT INTO Cab (licence_plate, car_model_id, manufacture_year) VALUES ('666 MRB', 5, 1999);
INSERT INTO Cab (licence_plate, car_model_id, manufacture_year) VALUES ('86-6809S', 4, 2017);
INSERT INTO Cab (licence_plate, car_model_id, manufacture_year) VALUES ('ULB-136', 5, 2005);
INSERT INTO Cab (licence_plate, car_model_id, manufacture_year) VALUES ('073 0KQ', 3, 2004);
INSERT INTO Cab (licence_plate, car_model_id, manufacture_year) VALUES ('46D T64', 3, 2006);
INSERT INTO Cab (licence_plate, car_model_id, manufacture_year) VALUES ('QEN-7111', 4, 1996);
INSERT INTO Cab (licence_plate, car_model_id, manufacture_year) VALUES ('9IE54', 4, 2011);
INSERT INTO Cab (licence_plate, car_model_id, manufacture_year) VALUES ('209 4573', 4, 2022);
INSERT INTO Cab (licence_plate, car_model_id, manufacture_year) VALUES ('666-093', 4, 2020);
INSERT INTO Cab (licence_plate, car_model_id, manufacture_year) VALUES ('85M PO6', 1, 2007);
INSERT INTO Cab (licence_plate, car_model_id, manufacture_year) VALUES ('616A5', 4, 2003);
INSERT INTO Cab (licence_plate, car_model_id, manufacture_year) VALUES ('LYS 477', 3, 1997);
INSERT INTO Cab (licence_plate, car_model_id, manufacture_year) VALUES ('0YD4437', 2, 2001);
INSERT INTO Cab (licence_plate, car_model_id, manufacture_year) VALUES ('30-11631', 5, 2007);
INSERT INTO Cab (licence_plate, car_model_id, manufacture_year) VALUES ('Z57 8XH', 3, 1998);
INSERT INTO Cab (licence_plate, car_model_id, manufacture_year) VALUES ('244-FVSU', 2, 2017);
INSERT INTO Cab (licence_plate, car_model_id, manufacture_year) VALUES ('YO 43726', 4, 2022);
INSERT INTO Cab (licence_plate, car_model_id, manufacture_year) VALUES ('6-6526K', 5, 1999);
INSERT INTO Cab (licence_plate, car_model_id, manufacture_year) VALUES ('QN-5500', 4, 2004);
INSERT INTO Cab (licence_plate, car_model_id, manufacture_year) VALUES ('EEN-534', 5, 2000);
INSERT INTO Cab (licence_plate, car_model_id, manufacture_year) VALUES ('2CUV 69', 4, 2011);
INSERT INTO Cab (licence_plate, car_model_id, manufacture_year) VALUES ('41-AW94', 1, 2005);
-- Shifts
INSERT INTO Shift (Driver_id, cab_id, shift_start_time, shift_end_time, login_time, logout_time) VALUES (5, 21, '2024-05-03T16:41:45', '2024-05-26T17:26:45', '2024-05-03T16:41:45', '2024-05-26T17:26:45');
INSERT INTO Shift (Driver_id, cab_id, shift_start_time, shift_end_time, login_time, logout_time) VALUES (6, 9, '2024-05-02T13:53:44', '2024-05-05T02:05:13', '2024-05-02T13:53:44', '2024-05-05T02:05:13');
INSERT INTO Shift (Driver_id, cab_id, shift_start_time, shift_end_time, login_time, logout_time) VALUES (18, 14, '2024-05-03T11:09:30', '2024-05-30T08:36:51', '2024-05-03T11:09:30', '2024-05-30T08:36:51');
INSERT INTO Shift (Driver_id, cab_id, shift_start_time, shift_end_time, login_time, logout_time) VALUES (7, 11, '2024-05-02T10:59:17', '2024-05-13T04:32:55', '2024-05-02T10:59:17', '2024-05-13T04:32:55');
INSERT INTO Shift (Driver_id, cab_id, shift_start_time, shift_end_time, login_time, logout_time) VALUES (3, 7, '2024-05-01T19:46:43', '2024-05-14T01:01:32', '2024-05-01T19:46:43', '2024-05-14T01:01:32');
INSERT INTO Shift (Driver_id, cab_id, shift_start_time, shift_end_time, login_time, logout_time) VALUES (20, 16, '2024-05-02T00:50:42', '2024-05-24T09:41:34', '2024-05-02T00:50:42', '2024-05-24T09:41:34');
INSERT INTO Shift (Driver_id, cab_id, shift_start_time, shift_end_time, login_time, logout_time) VALUES (7, 3, '2024-05-02T12:34:48', '2024-05-21T08:29:24', '2024-05-02T12:34:48', '2024-05-21T08:29:24');
INSERT INTO Shift (Driver_id, cab_id, shift_start_time, shift_end_time, login_time, logout_time) VALUES (6, 17, '2024-05-02T18:16:58', '2024-05-19T09:44:37', '2024-05-02T18:16:58', '2024-05-19T09:44:37');
INSERT INTO Shift (Driver_id, cab_id, shift_start_time, shift_end_time, login_time, logout_time) VALUES (7, 7, '2024-05-02T02:50:53', '2024-05-27T04:55:29', '2024-05-02T02:50:53', '2024-05-27T04:55:29');
INSERT INTO Shift (Driver_id, cab_id, shift_start_time, shift_end_time, login_time, logout_time) VALUES (20, 18, '2024-05-01T04:46:52', '2024-05-31T07:10:17', '2024-05-01T04:46:52', '2024-05-31T07:10:17');
INSERT INTO Shift (Driver_id, cab_id, shift_start_time, shift_end_time, login_time, logout_time) VALUES (9, 7, '2024-05-01T21:28:01', '2024-05-30T07:28:02', '2024-05-01T21:28:01', '2024-05-30T07:28:02');
INSERT INTO Shift (Driver_id, cab_id, shift_start_time, shift_end_time, login_time, logout_time) VALUES (7, 6, '2024-05-02T07:33:50', '2024-05-10T15:16:12', '2024-05-02T07:33:50', '2024-05-10T15:16:12');
INSERT INTO Shift (Driver_id, cab_id, shift_start_time, shift_end_time, login_time, logout_time) VALUES (8, 18, '2024-05-02T22:55:38', '2024-05-24T15:30:47', '2024-05-02T22:55:38', '2024-05-24T15:30:47');
INSERT INTO Shift (Driver_id, cab_id, shift_start_time, shift_end_time, login_time, logout_time) VALUES (20, 13, '2024-05-02T17:27:56', '2024-05-29T02:46:02', '2024-05-02T17:27:56', '2024-05-29T02:46:02');
INSERT INTO Shift (Driver_id, cab_id, shift_start_time, shift_end_time, login_time, logout_time) VALUES (15, 17, '2024-05-03T13:47:19', '2024-05-15T12:15:20', '2024-05-03T13:47:19', '2024-05-15T12:15:20');
INSERT INTO Shift (Driver_id, cab_id, shift_start_time, shift_end_time, login_time, logout_time) VALUES (8, 8, '2024-05-02T14:06:48', '2024-05-08T17:19:19', '2024-05-02T14:06:48', '2024-05-08T17:19:19');
INSERT INTO Shift (Driver_id, cab_id, shift_start_time, shift_end_time, login_time, logout_time) VALUES (3, 8, '2024-05-03T06:33:23', '2024-05-19T16:03:59', '2024-05-03T06:33:23', '2024-05-19T16:03:59');
INSERT INTO Shift (Driver_id, cab_id, shift_start_time, shift_end_time, login_time, logout_time) VALUES (8, 21, '2024-05-03T12:21:29', '2024-05-30T01:00:47', '2024-05-03T12:21:29', '2024-05-30T01:00:47');
INSERT INTO Shift (Driver_id, cab_id, shift_start_time, shift_end_time, login_time, logout_time) VALUES (18, 14, '2024-05-01T17:43:53', '2024-05-22T00:55:11', '2024-05-01T17:43:53', '2024-05-22T00:55:11');
INSERT INTO Shift (Driver_id, cab_id, shift_start_time, shift_end_time, login_time, logout_time) VALUES (5, 19, '2024-05-02T09:58:29', '2024-05-07T05:50:29', '2024-05-02T09:58:29', '2024-05-07T05:50:29');
INSERT INTO Shift (Driver_id, cab_id, shift_start_time, shift_end_time, login_time, logout_time) VALUES (18, 22, '2024-05-01T20:52:36', '2024-05-17T01:40:36', '2024-05-01T20:52:36', '2024-05-17T01:40:36');
INSERT INTO Shift (Driver_id, cab_id, shift_start_time, shift_end_time, login_time, logout_time) VALUES (3, 11, '2024-05-01T12:08:09', '2024-05-09T17:13:04', '2024-05-01T12:08:09', '2024-05-09T17:13:04');
INSERT INTO Shift (Driver_id, cab_id, shift_start_time, shift_end_time, login_time, logout_time) VALUES (19, 21, '2024-05-01T04:48:27', '2024-05-30T16:39:40', '2024-05-01T04:48:27', '2024-05-30T16:39:40');
INSERT INTO Shift (Driver_id, cab_id, shift_start_time, shift_end_time, login_time, logout_time) VALUES (20, 23, '2024-05-01T11:29:40', '2024-05-22T22:32:54', '2024-05-01T11:29:40', '2024-05-22T22:32:54');
INSERT INTO Shift (Driver_id, cab_id, shift_start_time, shift_end_time, login_time, logout_time) VALUES (14, 1, '2024-05-03T12:21:16', '2024-05-13T15:58:40', '2024-05-03T12:21:16', '2024-05-13T15:58:40');
INSERT INTO Shift (Driver_id, cab_id, shift_start_time, shift_end_time, login_time, logout_time) VALUES (19, 13, '2024-05-03T05:03:59', '2024-05-18T21:20:22', '2024-05-03T05:03:59', '2024-05-18T21:20:22');
INSERT INTO Shift (Driver_id, cab_id, shift_start_time, shift_end_time, login_time, logout_time) VALUES (1, 8, '2024-05-01T19:51:25', '2024-05-08T17:54:24', '2024-05-01T19:51:25', '2024-05-08T17:54:24');
INSERT INTO Shift (Driver_id, cab_id, shift_start_time, shift_end_time, login_time, logout_time) VALUES (15, 9, '2024-05-03T15:16:18', '2024-05-21T13:29:16', '2024-05-03T15:16:18', '2024-05-21T13:29:16');
INSERT INTO Shift (Driver_id, cab_id, shift_start_time, shift_end_time, login_time, logout_time) VALUES (17, 5, '2024-05-01T16:47:14', '2024-05-19T20:18:24', '2024-05-01T16:47:14', '2024-05-19T20:18:24');
INSERT INTO Shift (Driver_id, cab_id, shift_start_time, shift_end_time, login_time, logout_time) VALUES (19, 4, '2024-05-01T01:00:35', '2024-05-26T09:07:54', '2024-05-01T01:00:35', '2024-05-26T09:07:54');
INSERT INTO Shift (Driver_id, cab_id, shift_start_time, shift_end_time, login_time, logout_time) VALUES (15, 6, '2024-05-03T09:13:05', '2024-05-19T03:56:47', '2024-05-03T09:13:05', '2024-05-19T03:56:47');
INSERT INTO Shift (Driver_id, cab_id, shift_start_time, shift_end_time, login_time, logout_time) VALUES (14, 12, '2024-05-02T00:06:14', '2024-05-30T20:26:15', '2024-05-02T00:06:14', '2024-05-30T20:26:15');
INSERT INTO Shift (Driver_id, cab_id, shift_start_time, shift_end_time, login_time, logout_time) VALUES (11, 22, '2024-05-02T04:43:40', '2024-05-11T05:25:35', '2024-05-02T04:43:40', '2024-05-11T05:25:35');
INSERT INTO Shift (Driver_id, cab_id, shift_start_time, shift_end_time, login_time, logout_time) VALUES (16, 6, '2024-05-02T17:35:20', '2024-05-05T12:08:34', '2024-05-02T17:35:20', '2024-05-05T12:08:34');
INSERT INTO Shift (Driver_id, cab_id, shift_start_time, shift_end_time, login_time, logout_time) VALUES (19, 1, '2024-05-01T14:10:30', '2024-05-23T19:34:40', '2024-05-01T14:10:30', '2024-05-23T19:34:40');
INSERT INTO Shift (Driver_id, cab_id, shift_start_time, shift_end_time, login_time, logout_time) VALUES (10, 21, '2024-05-03T10:30:37', '2024-05-21T21:03:03', '2024-05-03T10:30:37', '2024-05-21T21:03:03');
INSERT INTO Shift (Driver_id, cab_id, shift_start_time, shift_end_time, login_time, logout_time) VALUES (10, 11, '2024-05-02T07:29:34', '2024-05-12T15:34:29', '2024-05-02T07:29:34', '2024-05-12T15:34:29');
INSERT INTO Shift (Driver_id, cab_id, shift_start_time, shift_end_time, login_time, logout_time) VALUES (19, 11, '2024-05-01T21:30:21', '2024-05-12T17:53:00', '2024-05-01T21:30:21', '2024-05-12T17:53:00');
INSERT INTO Shift (Driver_id, cab_id, shift_start_time, shift_end_time, login_time, logout_time) VALUES (19, 1, '2024-05-01T07:09:03', '2024-05-15T12:12:49', '2024-05-01T07:09:03', '2024-05-15T12:12:49');
INSERT INTO Shift (Driver_id, cab_id, shift_start_time, shift_end_time, login_time, logout_time) VALUES (14, 16, '2024-05-03T04:47:08', '2024-05-30T21:11:26', '2024-05-03T04:47:08', '2024-05-30T21:11:26');
-- Payment Types
INSERT INTO Payment_Type (type_name) VALUES ('Cash');
INSERT INTO Payment_Type (type_name) VALUES ('Credit Card');
INSERT INTO Payment_Type (type_name) VALUES ('Mobile Payment');
-- Statuses
INSERT INTO Status (status_name) VALUES ('Booked');
INSERT INTO Status (status_name) VALUES ('In Progress');
INSERT INTO Status (status_name) VALUES ('Completed');
INSERT INTO Status (status_name) VALUES ('Cancelled');
-- CC Agents
INSERT INTO CC_Agent (first_name, last_name) VALUES ('Pamela', 'Castro');
INSERT INTO CC_Agent (first_name, last_name) VALUES ('David', 'Brown');
INSERT INTO CC_Agent (first_name, last_name) VALUES ('Morgan', 'Strickland');
INSERT INTO CC_Agent (first_name, last_name) VALUES ('Ashley', 'Navarro');
INSERT INTO CC_Agent (first_name, last_name) VALUES ('Carlos', 'Owens');
-- Cab Rides
INSERT INTO Cab_Ride (shift_id, user_id, ride_start_time, ride_end_time, address_starting_point, GPS_starting_point, address_destination, GPS_destination, canceled, payment_type_id, price, response, evaluate) VALUES (22, 7, '2024-02-12T03:10:30', '2024-05-11T16:56:49', '12250 Thompson View Suite 990
Lambfort, ID 08172', 'POINT(0.5977065 -15.230604)', '3746 David Walks Suite 578
Kimberlyfort, RI 08928', 'POINT(6.412849 36.832735)', True, 3, 6.01, 'Own night protect building gun.', 'Hospital against red material test.');
INSERT INTO Cab_Ride (shift_id, user_id, ride_start_time, ride_end_time, address_starting_point, GPS_starting_point, address_destination, GPS_destination, canceled, payment_type_id, price, response, evaluate) VALUES (26, 18, '2024-02-23T17:53:48', '2024-09-01T23:13:14', '66516 Anthony Crossroad
Littlemouth, NV 76042', 'POINT(-71.4187155 -0.965603)', '84293 Danielle Land
North Lorimouth, SD 94891', 'POINT(-41.822445 171.135569)', True, 1, 80.54, 'Hour experience home.', 'Institution pick long suffer still.');
INSERT INTO Cab_Ride (shift_id, user_id, ride_start_time, ride_end_time, address_starting_point, GPS_starting_point, address_destination, GPS_destination, canceled, payment_type_id, price, response, evaluate) VALUES (4, 13, '2024-01-12T22:03:57', '2024-10-18T19:04:43', '7551 Justin Roads
Gonzalesview, VI 41793', 'POINT(45.6884495 -94.877638)', '822 Harrison Point
North Lindsay, NM 98259', 'POINT(-33.865758 -51.745066)', False, 2, 6.42, 'Play article glass address.', 'Plant camera development add.');
INSERT INTO Cab_Ride (shift_id, user_id, ride_start_time, ride_end_time, address_starting_point, GPS_starting_point, address_destination, GPS_destination, canceled, payment_type_id, price, response, evaluate) VALUES (4, 11, '2024-01-10T13:47:42', '2024-10-13T05:45:40', '98582 Erickson Shores
Jamesfort, CT 34888', 'POINT(-18.362065 133.685410)', '97361 Jones Mountain
Port Sandrafort, CA 58089', 'POINT(-88.041020 5.702874)', False, 1, 37.03, 'Arrive sort entire green else government although.', 'Success already wall then generation fast indicate out.');
INSERT INTO Cab_Ride (shift_id, user_id, ride_start_time, ride_end_time, address_starting_point, GPS_starting_point, address_destination, GPS_destination, canceled, payment_type_id, price, response, evaluate) VALUES (38, 17, '2024-02-14T08:55:19', '2024-06-17T10:34:11', '972 Garcia Lane Suite 628
Nunezland, MS 79734', 'POINT(64.281365 70.890140)', '613 Timothy Road Apt. 485
Lake Gary, FM 78453', 'POINT(-52.7806485 -118.077395)', True, 1, 15.89, 'Charge someone generation compare.', 'Medical Congress own staff network.');
INSERT INTO Cab_Ride (shift_id, user_id, ride_start_time, ride_end_time, address_starting_point, GPS_starting_point, address_destination, GPS_destination, canceled, payment_type_id, price, response, evaluate) VALUES (2, 9, '2024-02-21T15:17:17', '2024-07-04T20:42:00', '3595 Owens Drive Suite 850
Bryantview, IL 11425', 'POINT(-66.595054 174.207900)', '4349 Saunders Forges Apt. 434
Laurieberg, CA 75488', 'POINT(10.798075 -150.656638)', False, 2, 44.48, 'Data part if receive assume politics serious.', 'Lead drive itself course myself require.');
INSERT INTO Cab_Ride (shift_id, user_id, ride_start_time, ride_end_time, address_starting_point, GPS_starting_point, address_destination, GPS_destination, canceled, payment_type_id, price, response, evaluate) VALUES (21, 18, '2024-01-05T05:32:44', '2024-10-25T16:10:01', 'Unit 6475 Box 5097
DPO AA 06441', 'POINT(-72.398767 157.258958)', '82383 Amanda Garden
West Robert, IN 11091', 'POINT(-0.307857 -167.190791)', False, 2, 94.27, 'Oil top yourself available teach.', 'Themselves piece develop lawyer individual focus me.');
INSERT INTO Cab_Ride (shift_id, user_id, ride_start_time, ride_end_time, address_starting_point, GPS_starting_point, address_destination, GPS_destination, canceled, payment_type_id, price, response, evaluate) VALUES (11, 12, '2024-05-01T05:44:11', '2024-07-04T14:06:46', '5865 Burke Loaf
Port Austinbury, WY 64070', 'POINT(63.6325245 -70.648068)', '358 Holland Pine
New Jessicamouth, DC 34487', 'POINT(-21.642167 -30.980072)', True, 1, 52.76, 'Hand sometimes coach body raise suffer.', 'Writer movie industry poor group.');
INSERT INTO Cab_Ride (shift_id, user_id, ride_start_time, ride_end_time, address_starting_point, GPS_starting_point, address_destination, GPS_destination, canceled, payment_type_id, price, response, evaluate) VALUES (25, 1, '2024-03-02T17:28:13', '2024-10-04T12:52:05', '86942 Jackie Flats Apt. 935
Nancystad, WY 56089', 'POINT(89.8059565 -71.526856)', 'PSC 5150, Box 0055
APO AP 31759', 'POINT(-47.829014 70.985866)', False, 3, 53.21, 'Stage medical computer yes.', 'Behavior law include where.');
INSERT INTO Cab_Ride (shift_id, user_id, ride_start_time, ride_end_time, address_starting_point, GPS_starting_point, address_destination, GPS_destination, canceled, payment_type_id, price, response, evaluate) VALUES (25, 20, '2024-02-09T10:17:12', '2024-06-20T00:31:38', '80206 Rebecca Dam
Port Kevin, ND 40545', 'POINT(-45.699749 150.624592)', '23608 Hernandez Summit Apt. 975
North Brian, PA 16429', 'POINT(87.547940 -116.549226)', False, 2, 77.57, 'Half wind three use.', 'Environmental important safe project sometimes upon whose.');
INSERT INTO Cab_Ride (shift_id, user_id, ride_start_time, ride_end_time, address_starting_point, GPS_starting_point, address_destination, GPS_destination, canceled, payment_type_id, price, response, evaluate) VALUES (12, 19, '2024-02-02T11:28:31', '2024-10-21T09:52:38', '43933 Curtis Knolls
Zacharyborough, WI 99893', 'POINT(-6.9836875 -134.110255)', '1584 Mitchell Square
Ryantown, KY 33729', 'POINT(61.1427385 -29.130855)', False, 3, 98.92, 'Where recently specific alone.', 'Require black long few carry while product leg.');
INSERT INTO Cab_Ride (shift_id, user_id, ride_start_time, ride_end_time, address_starting_point, GPS_starting_point, address_destination, GPS_destination, canceled, payment_type_id, price, response, evaluate) VALUES (12, 8, '2024-04-30T12:20:07', '2024-07-28T23:08:13', '7265 Elizabeth Route Apt. 803
Rossville, NH 81499', 'POINT(76.7136315 -133.745413)', '6052 Thomas Inlet
Leeside, NY 24152', 'POINT(48.761390 133.978346)', False, 2, 72.15, 'Place argue believe share successful hotel management.', 'Window all throughout safe.');
INSERT INTO Cab_Ride (shift_id, user_id, ride_start_time, ride_end_time, address_starting_point, GPS_starting_point, address_destination, GPS_destination, canceled, payment_type_id, price, response, evaluate) VALUES (26, 11, '2024-01-29T22:00:23', '2024-07-06T00:43:39', '25298 Barnett Mill Apt. 525
Campbellhaven, DC 08919', 'POINT(22.3020625 -106.435952)', '13217 Peter Islands
Port Amandaton, PA 73860', 'POINT(-84.273262 -31.685332)', True, 1, 46.1, 'Major think manager effort politics strong city.', 'Southern institution point.');
INSERT INTO Cab_Ride (shift_id, user_id, ride_start_time, ride_end_time, address_starting_point, GPS_starting_point, address_destination, GPS_destination, canceled, payment_type_id, price, response, evaluate) VALUES (13, 6, '2024-02-05T09:13:16', '2024-07-06T12:59:26', '371 Katelyn Pass Suite 644
West Leeside, IA 06396', 'POINT(87.7262315 -164.092609)', '028 Reynolds Curve
West Jonathan, CO 78059', 'POINT(-3.5667845 -9.606055)', True, 2, 53.15, 'Rather candidate someone couple financial remember current grow.', 'Likely ago author approach.');
INSERT INTO Cab_Ride (shift_id, user_id, ride_start_time, ride_end_time, address_starting_point, GPS_starting_point, address_destination, GPS_destination, canceled, payment_type_id, price, response, evaluate) VALUES (17, 19, '2024-01-21T22:04:30', '2024-10-01T09:45:31', '19374 Nicholas Loaf
East Erin, AR 61065', 'POINT(30.8721485 170.319674)', 'USNV Smith
FPO AE 20662', 'POINT(35.8656875 28.004981)', True, 1, 5.96, 'Lead identify miss several opportunity performance executive.', 'Likely turn whatever audience involve poor table.');
INSERT INTO Cab_Ride (shift_id, user_id, ride_start_time, ride_end_time, address_starting_point, GPS_starting_point, address_destination, GPS_destination, canceled, payment_type_id, price, response, evaluate) VALUES (8, 13, '2024-05-03T16:16:30', '2024-07-05T10:52:47', '875 Crawford Key Apt. 881
Janetside, MN 13095', 'POINT(43.240313 36.203192)', '0202 Christina Gateway
Jeffreyborough, IL 01282', 'POINT(77.895226 -112.971556)', False, 2, 25.13, 'Interesting summer food.', 'Character increase recent of detail.');
INSERT INTO Cab_Ride (shift_id, user_id, ride_start_time, ride_end_time, address_starting_point, GPS_starting_point, address_destination, GPS_destination, canceled, payment_type_id, price, response, evaluate) VALUES (11, 3, '2024-01-13T11:45:13', '2024-11-26T09:33:01', 'USCGC Campbell
FPO AA 10142', 'POINT(19.2551755 145.575556)', '60279 Myers Burgs
Patriciachester, NC 52826', 'POINT(-74.583865 -171.548139)', False, 1, 64.34, 'Research strong week color.', 'My involve school personal book just myself become.');
INSERT INTO Cab_Ride (shift_id, user_id, ride_start_time, ride_end_time, address_starting_point, GPS_starting_point, address_destination, GPS_destination, canceled, payment_type_id, price, response, evaluate) VALUES (21, 13, '2024-03-11T08:03:18', '2024-05-25T20:04:29', 'USS Ray
FPO AP 01641', 'POINT(61.721091 100.382663)', '9084 Martin Light Suite 153
West Christopherfort, VT 02221', 'POINT(36.139201 -58.232802)', True, 1, 64.06, 'Once sound try.', 'Spend range friend impact center long scene.');
INSERT INTO Cab_Ride (shift_id, user_id, ride_start_time, ride_end_time, address_starting_point, GPS_starting_point, address_destination, GPS_destination, canceled, payment_type_id, price, response, evaluate) VALUES (33, 8, '2024-02-20T18:39:35', '2024-12-30T22:41:43', '89142 Morgan Lights
Mcdonaldport, CO 97953', 'POINT(-56.6616825 155.232593)', '131 Jennifer Points Apt. 761
Parsonsfort, FL 73130', 'POINT(62.244741 28.314773)', True, 2, 42.79, 'Thank rich stock prepare.', 'Reality Democrat fall plant recognize big.');
INSERT INTO Cab_Ride (shift_id, user_id, ride_start_time, ride_end_time, address_starting_point, GPS_starting_point, address_destination, GPS_destination, canceled, payment_type_id, price, response, evaluate) VALUES (16, 8, '2024-01-18T05:32:47', '2024-07-09T15:14:53', '389 Belinda Lane
Rachelport, SD 63223', 'POINT(-58.320903 -133.175531)', '8902 Davis Fort
Michaelton, MO 73881', 'POINT(50.0785895 -90.504802)', False, 2, 66.57, 'Show deal bag since program.', 'Look choice force above than.');
INSERT INTO Cab_Ride (shift_id, user_id, ride_start_time, ride_end_time, address_starting_point, GPS_starting_point, address_destination, GPS_destination, canceled, payment_type_id, price, response, evaluate) VALUES (28, 1, '2024-01-08T19:12:24', '2024-05-22T19:46:04', '30117 Carter Turnpike
New Oscarville, OH 95966', 'POINT(55.4194855 100.006747)', '4806 Gwendolyn Summit Suite 102
Jamesfurt, MA 88355', 'POINT(-9.7676395 -93.193263)', False, 3, 94.09, 'Modern free relate people discussion yourself.', 'Hot safe down data difficult mouth.');
INSERT INTO Cab_Ride (shift_id, user_id, ride_start_time, ride_end_time, address_starting_point, GPS_starting_point, address_destination, GPS_destination, canceled, payment_type_id, price, response, evaluate) VALUES (20, 16, '2024-05-01T20:45:57', '2024-12-20T03:13:48', '92876 Bryan Ways Apt. 514
Lake Kaitlyn, MO 77143', 'POINT(83.217887 -51.538734)', '411 Stevens Mall
Josephmouth, NJ 24413', 'POINT(16.294519 24.207338)', False, 3, 62.25, 'Politics television glass first sing join fine effort.', 'Energy power society participant political really.');
INSERT INTO Cab_Ride (shift_id, user_id, ride_start_time, ride_end_time, address_starting_point, GPS_starting_point, address_destination, GPS_destination, canceled, payment_type_id, price, response, evaluate) VALUES (12, 9, '2024-01-12T01:08:04', '2024-05-23T08:18:39', '720 Connor Union
Hollyport, VI 33335', 'POINT(-82.807245 93.590352)', '4536 Austin Grove
Aliciaville, FM 97771', 'POINT(86.862511 -49.541458)', True, 3, 42.01, 'Move technology three.', 'Than pass mother television people hard improve about.');
INSERT INTO Cab_Ride (shift_id, user_id, ride_start_time, ride_end_time, address_starting_point, GPS_starting_point, address_destination, GPS_destination, canceled, payment_type_id, price, response, evaluate) VALUES (30, 4, '2024-03-02T11:27:37', '2024-08-28T03:36:40', '137 Powers Forges
South Susan, MP 10543', 'POINT(29.991463 84.688638)', '997 Cameron Path Apt. 895
Port Alexanderton, ID 95626', 'POINT(86.045311 -52.532744)', False, 2, 54.55, 'Raise growth could figure.', 'Forward feeling human.');
INSERT INTO Cab_Ride (shift_id, user_id, ride_start_time, ride_end_time, address_starting_point, GPS_starting_point, address_destination, GPS_destination, canceled, payment_type_id, price, response, evaluate) VALUES (11, 18, '2024-03-03T09:02:11', '2024-11-24T12:09:43', '2571 Williams Overpass Apt. 203
Port Stephenton, LA 94840', 'POINT(-52.670664 -3.576530)', '200 Clark Rapids
North Nicolechester, PR 72398', 'POINT(43.0729445 120.522364)', True, 2, 42.94, 'Chance about foreign read age just easy.', 'Case data firm guess meeting detail.');
INSERT INTO Cab_Ride (shift_id, user_id, ride_start_time, ride_end_time, address_starting_point, GPS_starting_point, address_destination, GPS_destination, canceled, payment_type_id, price, response, evaluate) VALUES (33, 13, '2024-02-21T08:39:13', '2024-08-28T10:49:20', '6321 Lara Spring
Nguyenton, RI 77377', 'POINT(-87.8615705 -15.740925)', '375 Cherry Forge Suite 569
Lake Melissachester, PR 28502', 'POINT(70.594768 60.018333)', True, 2, 42.57, 'Eye expect their everybody another economic.', 'Century type lose last send.');
INSERT INTO Cab_Ride (shift_id, user_id, ride_start_time, ride_end_time, address_starting_point, GPS_starting_point, address_destination, GPS_destination, canceled, payment_type_id, price, response, evaluate) VALUES (20, 12, '2024-02-16T21:08:48', '2024-12-22T19:25:30', '3266 Hamilton Mountains Apt. 868
Beckerborough, NV 78249', 'POINT(66.0410035 5.780854)', '0717 Victoria Ports Suite 917
Phillipstad, WA 12450', 'POINT(37.1556665 154.973850)', True, 1, 95.78, 'Again one choice type early same series single.', 'House tax step four arrive east.');
INSERT INTO Cab_Ride (shift_id, user_id, ride_start_time, ride_end_time, address_starting_point, GPS_starting_point, address_destination, GPS_destination, canceled, payment_type_id, price, response, evaluate) VALUES (33, 14, '2024-05-02T13:41:27', '2024-10-24T14:48:26', '45076 Lindsey Cliffs
Lake Johnbury, MN 17465', 'POINT(-49.614662 103.546299)', '144 Garcia Avenue
Lake Andrewshire, PW 72781', 'POINT(-26.168024 36.144601)', True, 2, 29.69, 'Much great event truth call.', 'Degree hold certain accept through class go improve.');
INSERT INTO Cab_Ride (shift_id, user_id, ride_start_time, ride_end_time, address_starting_point, GPS_starting_point, address_destination, GPS_destination, canceled, payment_type_id, price, response, evaluate) VALUES (20, 19, '2024-02-05T02:08:03', '2024-08-12T19:14:49', '818 Schultz Courts
Henryburgh, FM 77076', 'POINT(29.9384225 71.669790)', '4809 Miller Estate Apt. 345
South Tinachester, SD 24124', 'POINT(-6.629455 56.774953)', True, 2, 30.13, 'Age see hear charge debate.', 'Ago father movie on cultural must.');
INSERT INTO Cab_Ride (shift_id, user_id, ride_start_time, ride_end_time, address_starting_point, GPS_starting_point, address_destination, GPS_destination, canceled, payment_type_id, price, response, evaluate) VALUES (28, 1, '2024-01-07T21:21:57', '2024-11-25T01:19:31', '40630 Crystal Parkways Apt. 134
New Nancy, MI 15675', 'POINT(34.661631 -127.264035)', '347 Anderson Plaza Apt. 249
South Anthonyton, UT 16718', 'POINT(-76.830872 -15.280612)', True, 2, 9.53, 'Reflect deal energy night.', 'Sea land address family week.');
INSERT INTO Cab_Ride (shift_id, user_id, ride_start_time, ride_end_time, address_starting_point, GPS_starting_point, address_destination, GPS_destination, canceled, payment_type_id, price, response, evaluate) VALUES (26, 19, '2024-04-15T01:25:57', '2024-08-18T10:23:52', '34354 Pena Ridge
South Brandishire, OH 02987', 'POINT(8.2214605 6.219370)', '204 Tonya Well
Matthewsstad, OR 35830', 'POINT(64.8032985 -84.612541)', False, 3, 77.68, 'Student then get thank should full ask.', 'Lawyer family foot ten dream itself grow.');
INSERT INTO Cab_Ride (shift_id, user_id, ride_start_time, ride_end_time, address_starting_point, GPS_starting_point, address_destination, GPS_destination, canceled, payment_type_id, price, response, evaluate) VALUES (19, 12, '2024-03-11T21:56:43', '2024-11-11T19:11:11', '619 Beck Summit
Lake Elizabethstad, ID 90366', 'POINT(-31.8425765 -74.452042)', '292 Koch Mountains Suite 416
Jasonville, ME 32062', 'POINT(-16.372608 -6.729499)', True, 1, 89.14, 'Seem performance establish race government.', 'Law right hospital serve resource.');
INSERT INTO Cab_Ride (shift_id, user_id, ride_start_time, ride_end_time, address_starting_point, GPS_starting_point, address_destination, GPS_destination, canceled, payment_type_id, price, response, evaluate) VALUES (36, 3, '2024-04-23T23:56:54', '2024-07-22T15:55:38', 'Unit 9374 Box 4065
DPO AA 20320', 'POINT(55.6276885 -156.173761)', '895 Velasquez Via Apt. 098
East Debra, MH 74924', 'POINT(-37.839670 105.516330)', True, 1, 27.54, 'Several debate often.', 'Professional parent set decide trouble least.');
INSERT INTO Cab_Ride (shift_id, user_id, ride_start_time, ride_end_time, address_starting_point, GPS_starting_point, address_destination, GPS_destination, canceled, payment_type_id, price, response, evaluate) VALUES (21, 11, '2024-01-19T01:05:54', '2024-09-15T19:23:15', '0650 Taylor Haven
Walkerton, NE 98952', 'POINT(39.3403885 -64.035834)', 'Unit 7277 Box 2874
DPO AP 67864', 'POINT(-20.058945 60.295931)', True, 1, 12.64, 'Yard will sign president involve administration.', 'Reduce personal occur contain.');
INSERT INTO Cab_Ride (shift_id, user_id, ride_start_time, ride_end_time, address_starting_point, GPS_starting_point, address_destination, GPS_destination, canceled, payment_type_id, price, response, evaluate) VALUES (2, 14, '2024-02-04T13:36:55', '2024-12-22T16:29:11', '9827 Edward Terrace
Leestad, VA 63660', 'POINT(26.8351995 -125.781688)', '5829 Isaac Unions
Gloverfort, NH 11738', 'POINT(-53.1066135 60.665743)', False, 2, 74.02, 'Low start near ever everybody hard serious activity.', 'Everyone weight parent.');
INSERT INTO Cab_Ride (shift_id, user_id, ride_start_time, ride_end_time, address_starting_point, GPS_starting_point, address_destination, GPS_destination, canceled, payment_type_id, price, response, evaluate) VALUES (7, 20, '2024-01-21T12:51:37', '2024-11-11T04:10:26', '317 Lindsay Glen Suite 892
Stewarthaven, VI 81628', 'POINT(31.1368875 -24.101593)', '5704 Eric Forest Apt. 676
Smallburgh, DC 24182', 'POINT(-48.6471245 -0.552735)', True, 1, 35.42, 'Hit seem old health.', 'Sport left person hold score rule six.');
INSERT INTO Cab_Ride (shift_id, user_id, ride_start_time, ride_end_time, address_starting_point, GPS_starting_point, address_destination, GPS_destination, canceled, payment_type_id, price, response, evaluate) VALUES (9, 19, '2024-04-15T06:23:54', '2024-08-23T16:27:32', '182 Hughes Mount Apt. 040
Lake Karashire, MO 89998', 'POINT(-82.9025365 -30.141732)', '406 Nancy Route Suite 326
Clarenceland, WA 40834', 'POINT(81.5837115 149.980873)', True, 3, 14.04, 'Amount eye bag tend loss network may.', 'Later design soon news military.');
INSERT INTO Cab_Ride (shift_id, user_id, ride_start_time, ride_end_time, address_starting_point, GPS_starting_point, address_destination, GPS_destination, canceled, payment_type_id, price, response, evaluate) VALUES (8, 13, '2024-03-08T15:55:58', '2024-06-12T04:35:36', '2050 Davis Drive Suite 636
Lake Alexanderchester, PW 14674', 'POINT(54.8760715 -138.338339)', '881 Rodriguez Underpass
Josephchester, WV 44902', 'POINT(-79.4703825 160.965516)', False, 3, 72.4, 'Civil property yes someone herself various.', 'Level several between what argue.');
INSERT INTO Cab_Ride (shift_id, user_id, ride_start_time, ride_end_time, address_starting_point, GPS_starting_point, address_destination, GPS_destination, canceled, payment_type_id, price, response, evaluate) VALUES (11, 5, '2024-01-23T02:17:48', '2024-07-28T21:19:32', '8251 Jonathan Hollow Apt. 351
New Michelle, CO 83937', 'POINT(64.2169075 0.603831)', '981 Miranda Walk Suite 317
Perezberg, SD 77614', 'POINT(-77.010971 160.068052)', False, 2, 40.9, 'They house assume mind organization top.', 'Beyond exist ten particularly.');
INSERT INTO Cab_Ride (shift_id, user_id, ride_start_time, ride_end_time, address_starting_point, GPS_starting_point, address_destination, GPS_destination, canceled, payment_type_id, price, response, evaluate) VALUES (33, 17, '2024-04-10T02:18:51', '2024-12-10T12:51:51', '1511 Hall Walk Suite 539
Cameronhaven, MO 06034', 'POINT(26.099450 40.526469)', '90837 Christopher Streets
West Tylerbury, KS 80632', 'POINT(-2.8081735 -74.216553)', True, 3, 30.03, 'Finally type according election check must.', 'Draw option who value population.');
INSERT INTO Cab_Ride (shift_id, user_id, ride_start_time, ride_end_time, address_starting_point, GPS_starting_point, address_destination, GPS_destination, canceled, payment_type_id, price, response, evaluate) VALUES (12, 13, '2024-03-13T01:49:50', '2024-12-20T03:57:10', '05760 Anthony Tunnel
Farmertown, IA 56417', 'POINT(-16.2204295 -36.093712)', '18221 Tim Fords
East Adamchester, CO 61282', 'POINT(-9.757978 176.706283)', True, 1, 25.2, 'High story generation conference do.', 'Among police rich section including him.');
INSERT INTO Cab_Ride (shift_id, user_id, ride_start_time, ride_end_time, address_starting_point, GPS_starting_point, address_destination, GPS_destination, canceled, payment_type_id, price, response, evaluate) VALUES (6, 2, '2024-01-18T20:27:36', '2024-06-07T07:19:06', '340 Kevin Throughway Suite 387
North Doris, RI 98899', 'POINT(-7.4256245 -122.209741)', '960 Simmons Green Apt. 528
New Derek, MH 04724', 'POINT(50.4979855 -141.653863)', True, 3, 56.0, 'With point leader speak expert task.', 'Truth such thought American wish data.');
INSERT INTO Cab_Ride (shift_id, user_id, ride_start_time, ride_end_time, address_starting_point, GPS_starting_point, address_destination, GPS_destination, canceled, payment_type_id, price, response, evaluate) VALUES (26, 2, '2024-03-12T07:46:13', '2024-07-23T15:11:43', 'PSC 6171, Box 0259
APO AP 80443', 'POINT(80.148072 66.358499)', '7017 Wagner Forks
Jamiemouth, OR 00873', 'POINT(4.3837025 66.072689)', True, 1, 89.43, 'Prevent poor ten daughter even.', 'Safe fly read forward side beautiful.');
INSERT INTO Cab_Ride (shift_id, user_id, ride_start_time, ride_end_time, address_starting_point, GPS_starting_point, address_destination, GPS_destination, canceled, payment_type_id, price, response, evaluate) VALUES (4, 4, '2024-04-01T13:38:46', '2024-09-08T04:27:55', '9390 Laura Pines
South Jared, MO 33407', 'POINT(-55.1669115 -36.267862)', '5957 Thomas Junction
South Alyssa, MT 12988', 'POINT(-65.114673 51.063918)', False, 3, 20.97, 'Today left stuff east source agreement tend.', 'Local stay challenge education affect form share.');
INSERT INTO Cab_Ride (shift_id, user_id, ride_start_time, ride_end_time, address_starting_point, GPS_starting_point, address_destination, GPS_destination, canceled, payment_type_id, price, response, evaluate) VALUES (31, 11, '2024-03-13T14:11:48', '2024-07-02T18:39:15', '32719 Schmitt Stream
Sandraview, KY 22234', 'POINT(20.8028695 -50.833597)', 'USCGC Larson
FPO AA 77271', 'POINT(58.6527625 173.451350)', False, 3, 20.89, 'Style pretty plant ability economic.', 'Catch medical lawyer condition.');
INSERT INTO Cab_Ride (shift_id, user_id, ride_start_time, ride_end_time, address_starting_point, GPS_starting_point, address_destination, GPS_destination, canceled, payment_type_id, price, response, evaluate) VALUES (15, 16, '2024-02-06T12:03:49', '2024-11-05T12:12:03', '0623 Aaron Port Apt. 093
Andersonview, ND 72260', 'POINT(35.2251045 45.862576)', '318 Jefferson Crossing
Mendozaborough, PR 92625', 'POINT(-61.888836 59.755183)', False, 1, 12.53, 'Only live his full.', 'Whatever meeting performance whose.');
INSERT INTO Cab_Ride (shift_id, user_id, ride_start_time, ride_end_time, address_starting_point, GPS_starting_point, address_destination, GPS_destination, canceled, payment_type_id, price, response, evaluate) VALUES (28, 4, '2024-01-11T14:26:54', '2024-07-05T18:05:07', '0298 Jones Route
Ryanburgh, ME 02267', 'POINT(55.913092 26.888318)', '79734 Ortiz Extension Apt. 509
Rosalesland, WI 65621', 'POINT(46.1392825 32.219761)', False, 3, 17.6, 'Someone history country.', 'Daughter seem question.');
INSERT INTO Cab_Ride (shift_id, user_id, ride_start_time, ride_end_time, address_starting_point, GPS_starting_point, address_destination, GPS_destination, canceled, payment_type_id, price, response, evaluate) VALUES (16, 17, '2024-01-02T03:57:56', '2024-05-25T05:59:45', '7547 Kelly Shoals Suite 915
Lindsaymouth, VI 59178', 'POINT(-19.854868 63.344857)', '0297 Pacheco Track
Lake Cassandraport, MO 32677', 'POINT(40.059064 4.664800)', False, 2, 60.05, 'Environmental blue raise agency.', 'Lead one allow mention.');
INSERT INTO Cab_Ride (shift_id, user_id, ride_start_time, ride_end_time, address_starting_point, GPS_starting_point, address_destination, GPS_destination, canceled, payment_type_id, price, response, evaluate) VALUES (10, 5, '2024-01-13T06:02:37', '2024-10-22T11:10:00', '92333 Howell Island
West Kimstad, CT 76266', 'POINT(68.7316595 -167.584033)', '464 Kevin Bypass Suite 513
Lake Jessica, MI 84491', 'POINT(28.680017 -55.460660)', True, 1, 56.69, 'Check feel impact experience both.', 'Recognize heart explain various recognize cut.');
INSERT INTO Cab_Ride (shift_id, user_id, ride_start_time, ride_end_time, address_starting_point, GPS_starting_point, address_destination, GPS_destination, canceled, payment_type_id, price, response, evaluate) VALUES (6, 17, '2024-03-06T17:03:44', '2024-06-26T07:58:02', '2554 Brown Mount
Nicholsontown, VA 02339', 'POINT(-87.5169735 -47.382827)', '62903 Robert Row
East Jamesburgh, DE 56579', 'POINT(15.3386395 99.871299)', False, 3, 63.54, 'Education step media or morning area sit interest.', 'Agent them daughter.');
-- Cab Ride Statuses
INSERT INTO Cab_Ride_Status (cab_ride_id, status_id, status_time, cc_agent_id, status_detail) VALUES (35, 4, '2024-05-04T03:24:04', 1, 'Base spring because might challenge.');
INSERT INTO Cab_Ride_Status (cab_ride_id, status_id, status_time, cc_agent_id, status_detail) VALUES (34, 4, '2024-05-20T07:40:42', 5, 'Lot pretty itself news.');
INSERT INTO Cab_Ride_Status (cab_ride_id, status_id, status_time, cc_agent_id, status_detail) VALUES (31, 2, '2024-05-12T21:11:58', 1, 'Open difference this down site.');
INSERT INTO Cab_Ride_Status (cab_ride_id, status_id, status_time, cc_agent_id, status_detail) VALUES (23, 2, '2024-05-16T10:26:10', 3, 'Speak election democratic carry price.');
INSERT INTO Cab_Ride_Status (cab_ride_id, status_id, status_time, cc_agent_id, status_detail) VALUES (32, 1, '2024-05-08T15:36:45', 5, 'Operation age soldier any similar born skill chance.');
INSERT INTO Cab_Ride_Status (cab_ride_id, status_id, status_time, cc_agent_id, status_detail) VALUES (50, 1, '2024-05-26T16:40:16', 1, 'With adult decade billion personal modern.');
INSERT INTO Cab_Ride_Status (cab_ride_id, status_id, status_time, cc_agent_id, status_detail) VALUES (46, 4, '2024-05-19T16:32:41', 1, 'Near threat people picture concern good.');
INSERT INTO Cab_Ride_Status (cab_ride_id, status_id, status_time, cc_agent_id, status_detail) VALUES (35, 2, '2024-05-16T11:44:27', 2, 'Offer evening pretty discuss Mr tell general.');
INSERT INTO Cab_Ride_Status (cab_ride_id, status_id, status_time, cc_agent_id, status_detail) VALUES (4, 3, '2024-05-08T23:02:23', 2, 'New energy loss whose finally green away.');
INSERT INTO Cab_Ride_Status (cab_ride_id, status_id, status_time, cc_agent_id, status_detail) VALUES (26, 4, '2024-05-16T21:02:32', 3, 'Stop than four suddenly pay situation network.');
INSERT INTO Cab_Ride_Status (cab_ride_id, status_id, status_time, cc_agent_id, status_detail) VALUES (50, 3, '2024-05-29T15:45:51', 5, 'These grow too stock.');
INSERT INTO Cab_Ride_Status (cab_ride_id, status_id, status_time, cc_agent_id, status_detail) VALUES (41, 1, '2024-05-27T23:51:03', 1, 'Process part color hit able conference happy.');
INSERT INTO Cab_Ride_Status (cab_ride_id, status_id, status_time, cc_agent_id, status_detail) VALUES (15, 2, '2024-05-06T22:08:15', 1, 'Development heavy interest bag.');
INSERT INTO Cab_Ride_Status (cab_ride_id, status_id, status_time, cc_agent_id, status_detail) VALUES (39, 1, '2024-05-20T12:11:23', 3, 'Soon scene generation make cultural.');
INSERT INTO Cab_Ride_Status (cab_ride_id, status_id, status_time, cc_agent_id, status_detail) VALUES (28, 3, '2024-05-31T09:23:18', 1, 'Start across large star last.');
INSERT INTO Cab_Ride_Status (cab_ride_id, status_id, status_time, cc_agent_id, status_detail) VALUES (39, 2, '2024-05-11T08:44:39', 1, 'Goal represent wonder range simply traditional Mr.');
INSERT INTO Cab_Ride_Status (cab_ride_id, status_id, status_time, cc_agent_id, status_detail) VALUES (36, 2, '2024-05-29T00:31:35', 4, 'No boy respond opportunity.');
INSERT INTO Cab_Ride_Status (cab_ride_id, status_id, status_time, cc_agent_id, status_detail) VALUES (45, 3, '2024-05-21T05:50:41', 1, 'Board save special fight sort it.');
INSERT INTO Cab_Ride_Status (cab_ride_id, status_id, status_time, cc_agent_id, status_detail) VALUES (20, 2, '2024-05-09T12:56:03', 1, 'Than body strategy quality relate item go.');
INSERT INTO Cab_Ride_Status (cab_ride_id, status_id, status_time, cc_agent_id, status_detail) VALUES (10, 3, '2024-05-11T04:40:06', 3, 'Later study smile low child.');
INSERT INTO Cab_Ride_Status (cab_ride_id, status_id, status_time, cc_agent_id, status_detail) VALUES (11, 4, '2024-05-10T11:55:33', 5, 'Sort central impact very.');
INSERT INTO Cab_Ride_Status (cab_ride_id, status_id, status_time, cc_agent_id, status_detail) VALUES (12, 1, '2024-05-29T00:17:04', 5, 'Court seem coach like field say.');
INSERT INTO Cab_Ride_Status (cab_ride_id, status_id, status_time, cc_agent_id, status_detail) VALUES (19, 1, '2024-05-20T00:07:59', 2, 'Simply require door outside human tend.');
INSERT INTO Cab_Ride_Status (cab_ride_id, status_id, status_time, cc_agent_id, status_detail) VALUES (41, 3, '2024-05-08T22:17:42', 1, 'You behind run million opportunity voice never.');
INSERT INTO Cab_Ride_Status (cab_ride_id, status_id, status_time, cc_agent_id, status_detail) VALUES (16, 2, '2024-05-03T17:12:44', 1, 'Where box majority interesting lot.');
INSERT INTO Cab_Ride_Status (cab_ride_id, status_id, status_time, cc_agent_id, status_detail) VALUES (9, 3, '2024-05-24T01:27:46', 5, 'Reach natural why.');
INSERT INTO Cab_Ride_Status (cab_ride_id, status_id, status_time, cc_agent_id, status_detail) VALUES (28, 2, '2024-05-13T02:04:42', 2, 'Establish professor open month.');
INSERT INTO Cab_Ride_Status (cab_ride_id, status_id, status_time, cc_agent_id, status_detail) VALUES (21, 3, '2024-05-17T14:10:02', 4, 'Simple nothing instead cover.');
INSERT INTO Cab_Ride_Status (cab_ride_id, status_id, status_time, cc_agent_id, status_detail) VALUES (3, 4, '2024-05-14T15:23:31', 2, 'Option standard institution experience easy meet day.');
INSERT INTO Cab_Ride_Status (cab_ride_id, status_id, status_time, cc_agent_id, status_detail) VALUES (17, 2, '2024-05-14T14:28:16', 5, 'Address public always first girl management.');
INSERT INTO Cab_Ride_Status (cab_ride_id, status_id, status_time, cc_agent_id, status_detail) VALUES (42, 2, '2024-05-13T03:18:29', 4, 'Project which child into people purpose language argue.');
INSERT INTO Cab_Ride_Status (cab_ride_id, status_id, status_time, cc_agent_id, status_detail) VALUES (41, 4, '2024-05-08T16:47:52', 3, 'Threat last difference every store.');
INSERT INTO Cab_Ride_Status (cab_ride_id, status_id, status_time, cc_agent_id, status_detail) VALUES (31, 1, '2024-05-29T00:29:32', 1, 'Arm determine others do.');
INSERT INTO Cab_Ride_Status (cab_ride_id, status_id, status_time, cc_agent_id, status_detail) VALUES (26, 2, '2024-05-24T17:23:39', 4, 'Should resource general exist three.');
INSERT INTO Cab_Ride_Status (cab_ride_id, status_id, status_time, cc_agent_id, status_detail) VALUES (44, 3, '2024-05-26T17:37:16', 1, 'Very everybody job water start top.');
INSERT INTO Cab_Ride_Status (cab_ride_id, status_id, status_time, cc_agent_id, status_detail) VALUES (45, 2, '2024-05-10T19:56:02', 2, 'Civil civil matter ago quickly.');
INSERT INTO Cab_Ride_Status (cab_ride_id, status_id, status_time, cc_agent_id, status_detail) VALUES (46, 2, '2024-05-28T14:56:24', 5, 'Apply what analysis individual.');
INSERT INTO Cab_Ride_Status (cab_ride_id, status_id, status_time, cc_agent_id, status_detail) VALUES (25, 1, '2024-05-08T17:58:41', 1, 'Energy get continue leave.');
INSERT INTO Cab_Ride_Status (cab_ride_id, status_id, status_time, cc_agent_id, status_detail) VALUES (1, 4, '2024-05-17T09:48:01', 3, 'Fish far draw clear.');
INSERT INTO Cab_Ride_Status (cab_ride_id, status_id, status_time, cc_agent_id, status_detail) VALUES (26, 4, '2024-05-16T03:27:10', 5, 'Threat own decide fish since appear.');
INSERT INTO Cab_Ride_Status (cab_ride_id, status_id, status_time, cc_agent_id, status_detail) VALUES (38, 2, '2024-05-29T04:36:01', 4, 'Investment say quickly game study find.');
INSERT INTO Cab_Ride_Status (cab_ride_id, status_id, status_time, cc_agent_id, status_detail) VALUES (47, 3, '2024-05-30T11:55:10', 3, 'Dinner sure wear chance.');
INSERT INTO Cab_Ride_Status (cab_ride_id, status_id, status_time, cc_agent_id, status_detail) VALUES (20, 4, '2024-05-09T13:02:18', 4, 'Down type find admit language allow newspaper remain.');
INSERT INTO Cab_Ride_Status (cab_ride_id, status_id, status_time, cc_agent_id, status_detail) VALUES (44, 1, '2024-05-25T18:14:17', 1, 'Top test during something.');
INSERT INTO Cab_Ride_Status (cab_ride_id, status_id, status_time, cc_agent_id, status_detail) VALUES (34, 3, '2024-05-16T22:38:04', 2, 'Type weight care various land right without.');
INSERT INTO Cab_Ride_Status (cab_ride_id, status_id, status_time, cc_agent_id, status_detail) VALUES (33, 4, '2024-05-10T10:23:56', 3, 'Collection each increase.');
INSERT INTO Cab_Ride_Status (cab_ride_id, status_id, status_time, cc_agent_id, status_detail) VALUES (33, 3, '2024-05-27T02:31:11', 5, 'Perform action may blue president big.');
INSERT INTO Cab_Ride_Status (cab_ride_id, status_id, status_time, cc_agent_id, status_detail) VALUES (36, 2, '2024-05-14T10:33:38', 1, 'Step collection court democratic.');
INSERT INTO Cab_Ride_Status (cab_ride_id, status_id, status_time, cc_agent_id, status_detail) VALUES (47, 4, '2024-05-19T05:05:52', 4, 'Huge large city lot particular close knowledge.');
INSERT INTO Cab_Ride_Status (cab_ride_id, status_id, status_time, cc_agent_id, status_detail) VALUES (16, 1, '2024-05-14T00:02:04', 2, 'Among sister husband establish enjoy.');
